case_id,dimension,setting,policy,comparator,episodes,mean_difference_bps,median_difference_bps,mean_ci95_low_bps,mean_ci95_high_bps,raw_two_sided_p_value,holm_adjusted_p_value,relative_change_percent,paired_standardized_effect
central_reference,central,step27_active_training_regime,ppo_aggregate,liquidity_aware,24,0.281980792503,0.413695851629,-0.106294469747,0.657912289188,0.165486941665,0.165486941665,12.6361172011,0.193740983444
central_reference,central,step27_active_training_regime,twap_like,liquidity_aware,24,0.891431425508,1.15647311329,-0.000704069742732,1.74125651296,0.0458872345619,0.0458872345619,39.9468058426,0.253269668223
central_reference,central,step27_active_training_regime,immediate,liquidity_aware,24,1.71546121405,2.51913483492,0.105848537451,3.25821590352,0.0288015621186,0.0288015621186,76.873210981,0.54309587434
data_delay_1,data_quality,one_decision_delay,ppo_aggregate,liquidity_aware,24,0.614590503831,0.417426820671,0.362214526696,0.926524133577,0.000244081034904,0.000976324139614,33.7754672274,0.534946518651
data_delay_1,data_quality,one_decision_delay,twap_like,liquidity_aware,24,0.423716829355,0.718618626516,-1.28364109754,1.87614088732,0.626556016598,1.0,23.2858037903,0.100160622565
data_delay_1,data_quality,one_decision_delay,immediate,liquidity_aware,24,2.12737157709,2.60995411377,0.427155315921,3.61050047641,0.0065901879424,0.0263607517696,116.911941423,0.688300848706
data_delay_2,data_quality,two_decision_delay,ppo_aggregate,liquidity_aware,24,0.521799593505,0.64116107687,0.246409675032,0.813331798602,0.000732243104711,0.00219672931413,27.5069847211,0.513206032558
data_delay_2,data_quality,two_decision_delay,twap_like,liquidity_aware,24,0.973698196613,1.73809199098,-0.380756379543,2.10456041908,0.122528679522,0.490114718086,51.3290959798,0.248609980958
data_delay_2,data_quality,two_decision_delay,immediate,liquidity_aware,24,2.05003615248,2.17699237964,0.269060082307,3.6172689605,0.0124481327801,0.0373443983402,108.068909646,0.642107347422
data_drop_10pct,data_quality,dropped_updates_10pct,ppo_aggregate,liquidity_aware,24,0.249784550305,0.368764317765,-0.0913597653205,0.607661881214,0.172565291677,0.345130583354,10.9720798412,0.179214908638
data_drop_10pct,data_quality,dropped_updates_10pct,twap_like,liquidity_aware,24,0.709057528726,1.03968873512,-0.503586232051,1.72643905678,0.237979009031,0.713937027093,31.146185013,0.19021508585
data_drop_10pct,data_quality,dropped_updates_10pct,immediate,liquidity_aware,24,1.6704604462,2.51913483492,-0.075420023243,3.32960118814,0.0554063949231,0.110812789846,73.3769377046,0.504808463992
data_drop_30pct,data_quality,dropped_updates_30pct,ppo_aggregate,liquidity_aware,24,0.188604076615,0.353417654027,-0.183523259071,0.559811531231,0.325604100561,0.345130583354,8.12590279889,0.128642575488
data_drop_30pct,data_quality,dropped_updates_30pct,twap_like,liquidity_aware,24,0.107274844052,0.962674581021,-1.64370840442,1.68869765793,0.897730046375,1.0,4.62187759234,0.0246475599527
data_drop_30pct,data_quality,dropped_updates_30pct,immediate,liquidity_aware,24,1.62598436283,2.51734484561,-0.278058105817,3.36754203677,0.0859165242861,0.110812789846,70.0546410344,0.474859220429
distribution_instrument_high,distribution,second_instrument_scale_1.35,ppo_aggregate,liquidity_aware,24,0.171467175744,0.364992629794,-0.124826550086,0.473126404288,0.267512814254,0.680253844276,7.01913315375,0.149969763404
distribution_instrument_high,distribution,second_instrument_scale_1.35,twap_like,liquidity_aware,24,0.902951704726,1.18688574297,0.150968202911,1.63029221618,0.0153771051989,0.0615084207957,36.9629826781,0.326253106502
distribution_instrument_high,distribution,second_instrument_scale_1.35,immediate,liquidity_aware,24,1.2821522817,1.92426501615,-0.0428985805693,2.52512711797,0.0485721259458,0.12594581401,52.4858332191,0.513126660687
distribution_instrument_low,distribution,second_instrument_scale_0.70,ppo_aggregate,liquidity_aware,24,-0.0035311854529,0.137361317748,-1.60414249108,1.56788665175,0.997315108616,0.997315108616,-0.0965432964333,-0.000791882859945
distribution_instrument_low,distribution,second_instrument_scale_0.70,twap_like,liquidity_aware,24,0.371695423199,0.680641584667,-0.762619597216,1.63188897879,0.546253356114,1.0,10.1622250951,0.0711088964541
distribution_instrument_low,distribution,second_instrument_scale_0.70,immediate,liquidity_aware,24,2.21078118812,3.7590459226,0.123730158371,4.41845367479,0.0419819380034,0.12594581401,60.4431872641,0.425726899831
distribution_later_proxy,distribution,later_regime_proxy,ppo_aggregate,liquidity_aware,24,0.420472163236,0.418704490746,-0.276987746706,1.07143131041,0.226751281425,0.680253844276,18.5270466802,0.228632892823
distribution_later_proxy,distribution,later_regime_proxy,twap_like,liquidity_aware,24,0.221181425508,0.428866365051,-1.58441005468,1.92451063648,0.802782523798,1.0,9.74580234669,0.0390889878863
distribution_later_proxy,distribution,later_regime_proxy,immediate,liquidity_aware,24,1.67750288072,2.60016374606,-0.77541541241,3.52813542452,0.120087869173,0.12594581401,73.9149387156,0.334175425041
distribution_unseen_combined,distribution,unseen_combined_regime,ppo_aggregate,liquidity_aware,24,5.86205871071,3.4740615779,1.59435406348,10.7931056226,0.015133024164,0.0605320966561,48.1204371148,0.543946844529
distribution_unseen_combined,distribution,unseen_combined_regime,twap_like,liquidity_aware,24,1.18088126238,2.52180798545,-1.1189471348,3.34174923898,0.332926531608,0.998779594825,9.6936119767,0.218647764926
distribution_unseen_combined,distribution,unseen_combined_regime,immediate,liquidity_aware,24,20.3287152362,20.4983427418,17.7470547533,22.848698255,0.000244081034904,0.000976324139614,166.874252105,2.65088593364
fees_adverse,fees_rebates,adverse,ppo_aggregate,liquidity_aware,24,0.425390738061,0.379604993648,-0.0200784675624,0.855441914548,0.0597998535514,0.179399560654,17.741829617,0.275530007525
fees_adverse,fees_rebates,adverse,twap_like,liquidity_aware,24,1.37293142551,1.64697311329,0.454112066895,2.27647039536,0.00414937759336,0.0124481327801,57.2610384942,0.381531407707
fees_adverse,fees_rebates,adverse,immediate,liquidity_aware,24,2.29933621405,3.01430341956,0.564186665523,3.8786804684,0.00536978276788,0.0161093483036,95.8987295488,0.718012911804
fees_favourable,fees_rebates,favourable,ppo_aggregate,liquidity_aware,24,0.219905245894,0.403910438691,-0.181021529314,0.593356826439,0.273614840127,0.547229680254,10.0539777585,0.15224348554
fees_favourable,fees_rebates,favourable,twap_like,liquidity_aware,24,0.763031425508,1.02567311329,-0.110602187656,1.5919421335,0.0881132536002,0.1762265072,34.8854841998,0.218050193632
fees_favourable,fees_rebates,favourable,immediate,liquidity_aware,24,1.55976121405,2.36193483492,-0.0650564059749,3.07058966728,0.0539419087137,0.107883817427,71.311643753,0.495544893703
fees_zero,fees_rebates,zero,ppo_aggregate,liquidity_aware,24,0.193442268071,0.396230438691,-0.197922457741,0.568352531413,0.331462045399,0.547229680254,8.88911077315,0.130386001696
fees_zero,fees_rebates,zero,twap_like,liquidity_aware,24,0.730931425508,0.992973113287,-0.198452607895,1.58710557442,0.105931169148,0.1762265072,33.5879561055,0.209178560311
fees_zero,fees_rebates,zero,immediate,liquidity_aware,24,1.52083621405,2.32263483492,-0.119613739702,3.04784459897,0.0602880156212,0.107883817427,69.8858719417,0.483599046726
grid_1000ms_proxy,decision_grid,1000ms_proxy,ppo_aggregate,liquidity_aware,24,0.145578344283,0.336591721055,-0.372993009057,0.540086573357,0.545765194044,1.0,4.0627725318,0.0903527879422
grid_1000ms_proxy,decision_grid,1000ms_proxy,twap_like,liquidity_aware,24,-0.0348781411346,-0.067608931069,-0.773705130206,0.745556487706,0.927263851599,1.0,-0.973372478301,-0.0110438473792
grid_1000ms_proxy,decision_grid,1000ms_proxy,immediate,liquidity_aware,24,0.613780851966,1.34797928895,-0.48340380167,1.62300651713,0.26678057115,0.300707835001,17.129278384,0.223212622085
grid_100ms_proxy,decision_grid,100ms_proxy,ppo_aggregate,liquidity_aware,24,0.145996441387,0.699106571989,-0.531892723053,0.855401591776,0.706370515011,1.0,5.29565974167,0.0730099837901
grid_100ms_proxy,decision_grid,100ms_proxy,twap_like,liquidity_aware,24,0.050527351389,0.265937740514,-1.29792374265,1.31568301435,0.937515255065,1.0,1.83275467581,0.0132324378218
grid_100ms_proxy,decision_grid,100ms_proxy,immediate,liquidity_aware,24,1.24009989331,1.78770024754,-0.462798128962,2.78926717993,0.150353917501,0.300707835001,44.9815558398,0.374940343179
grid_10ms_proxy,decision_grid,10ms_proxy,ppo_aggregate,liquidity_aware,24,0.255487945917,0.195810201211,-0.13225447086,0.684907096543,0.226507200391,0.679521601172,28.2784627867,0.239377227815
grid_10ms_proxy,decision_grid,10ms_proxy,twap_like,liquidity_aware,24,0.412052581422,0.618808152559,-0.749141306984,1.62396292116,0.50573590432,1.0,45.6076843396,0.106997661424
grid_10ms_proxy,decision_grid,10ms_proxy,immediate,liquidity_aware,24,2.9185355759,3.61369451944,1.33780248802,4.32323868533,0.000244081034904,0.000976324139614,323.035591283,0.944157666266
grid_250ms_proxy,decision_grid,250ms_proxy,ppo_aggregate,liquidity_aware,24,0.760237772277,0.480787746315,0.0155777462971,1.58284192551,0.0551623138882,0.220649255553,27.8265529438,0.352084389073
grid_250ms_proxy,decision_grid,250ms_proxy,twap_like,liquidity_aware,24,0.455243000307,0.528873285853,-0.59189297071,1.66423572824,0.427385892116,1.0,16.6630019084,0.124034656129
grid_250ms_proxy,decision_grid,250ms_proxy,immediate,liquidity_aware,24,1.33994866638,1.70680015957,0.201572479104,2.32667078591,0.0124481327801,0.0373443983402,49.0453827298,0.480644332953
horizon_300s_proxy,horizon,300s_proxy,ppo_aggregate,liquidity_aware,24,0.165088034242,0.380264734287,-0.277927911237,0.66356106785,0.505003661216,1.0,10.4597174627,0.0846809327745
horizon_300s_proxy,horizon,300s_proxy,twap_like,liquidity_aware,24,1.30967655076,2.07491313724,-0.108881714202,2.60192078726,0.0602880156212,0.120576031242,82.979040554,0.22635415349
horizon_300s_proxy,horizon,300s_proxy,immediate,liquidity_aware,24,2.36868528984,3.22493071139,0.151950505688,4.44242377503,0.0300219672931,0.0600439345863,150.076163929,0.508360680906
horizon_30s_proxy,horizon,30s_proxy,ppo_aggregate,liquidity_aware,24,-0.261702862389,0.256402558346,-1.38642115783,0.686198814459,0.647791066634,1.0,-7.80142050386,-0.102501359375
horizon_30s_proxy,horizon,30s_proxy,twap_like,liquidity_aware,24,-0.0281626827946,0.207174044381,-1.21285727544,1.29183526487,0.966316817183,0.966316817183,-0.839535834619,-0.00835413121636
horizon_30s_proxy,horizon,30s_proxy,immediate,liquidity_aware,24,0.59245342344,1.10150273955,-0.96700513647,2.09033820754,0.465950695631,0.465950695631,17.661168254,0.191256327113
impact_2x,impact,2x_coefficient,ppo_aggregate,liquidity_aware,24,0.191517993072,0.33773334573,-0.198943879799,0.545597741809,0.313400048816,0.517451793996,8.43626293898,0.128675449545
impact_2x,impact,2x_coefficient,twap_like,liquidity_aware,24,0.939351392683,1.21458372657,0.00418222320825,1.82270072142,0.0427141811081,0.170856724433,41.377915535,0.266298393876
impact_2x,impact,2x_coefficient,immediate,liquidity_aware,24,2.67383909477,3.24553183912,1.03877826651,4.22674022978,0.000488162069807,0.00195264827923,117.781150993,0.846194624725
impact_cubic,impact,cubic_form_misspecification,ppo_aggregate,liquidity_aware,24,0.280619961217,0.408462928279,-0.116070271042,0.656036144684,0.167927752014,0.517451793996,12.6355879773,0.192754166735
impact_cubic,impact,cubic_form_misspecification,twap_like,liquidity_aware,24,0.891062378956,1.1545274691,-0.0239271307656,1.7420685276,0.0485721259458,0.170856724433,40.1222244978,0.25314542975
impact_cubic,impact,cubic_form_misspecification,immediate,liquidity_aware,24,1.70623425354,2.45634466185,0.102377445163,3.22315679304,0.0283134000488,0.0849402001464,76.8272967002,0.54054812889
impact_half,impact,0.5x_coefficient,ppo_aggregate,liquidity_aware,24,0.314108124418,0.41289805811,-0.097034140042,0.707714292834,0.129362948499,0.517451793996,14.1987009177,0.211545430615
impact_half,impact,0.5x_coefficient,twap_like,liquidity_aware,24,0.867471441921,1.12741780664,-0.0360561257682,1.75273315412,0.0580912863071,0.170856724433,39.2125086904,0.246731355953
impact_half,impact,0.5x_coefficient,immediate,liquidity_aware,24,1.23627227369,2.11210491746,-0.42157217043,2.7760290278,0.13937027093,0.13937027093,55.8834964854,0.390974396772
impact_linear,impact,linear_form_misspecification,ppo_aggregate,liquidity_aware,24,0.284938457489,0.424893854138,-0.111880346884,0.684812535591,0.156455943373,0.517451793996,12.428604612,0.195808805358
impact_linear,impact,linear_form_misspecification,twap_like,liquidity_aware,24,0.89175909769,1.15919233132,-0.0108170781287,1.7823366877,0.0515010983647,0.170856724433,38.8972458547,0.253393641562
impact_linear,impact,linear_form_misspecification,immediate,liquidity_aware,24,1.68235274003,2.5350561947,0.132917351865,3.21590488198,0.0295338052233,0.0849402001464,73.3818004356,0.532193571826
latency_2x,latency,2x,ppo_aggregate,liquidity_aware,24,0.27786639216,0.434771116219,-0.161204713412,0.68169542539,0.207468879668,0.690261166707,10.2248054446,0.186840928341
latency_2x,latency,2x,twap_like,liquidity_aware,24,0.855406183675,0.790334431529,-0.0690659660773,1.70938468847,0.0590676104467,0.118135220893,31.4768610059,0.243659549626
latency_2x,latency,2x,immediate,liquidity_aware,24,1.67943597222,2.51913483492,0.0963368261404,3.20850353114,0.0322186966073,0.0859165242861,61.799147206,0.53669442267
latency_5x,latency,5x,ppo_aggregate,liquidity_aware,24,0.309522378903,0.457118455699,-0.161316696537,0.725374255933,0.18916280205,0.690261166707,7.35320499512,0.17786827853
latency_5x,latency,5x,twap_like,liquidity_aware,24,0.732085182856,0.790334431529,-0.337360034045,1.74257744541,0.171100805467,0.171100805467,17.3918682148,0.201599137216
latency_5x,latency,5x,immediate,liquidity_aware,24,1.53765408403,2.34097380209,-0.244465970035,3.18026049184,0.0929948742983,0.0929948742983,36.5294610732,0.467628214274
latency_half,latency,0.5x,ppo_aggregate,liquidity_aware,24,0.269847270017,0.413165438069,-0.115266947228,0.649599491471,0.172565291677,0.690261166707,13.6621267135,0.186290754225
latency_half,latency,0.5x,twap_like,liquidity_aware,24,0.99511350457,1.6717896874,0.160380687459,1.77525611515,0.0141567000244,0.0507688552599,50.3817095979,0.282782286417
latency_half,latency,0.5x,immediate,liquidity_aware,24,1.7468590608,2.51913483492,0.131073601786,3.26412547346,0.0214791310715,0.0859165242861,88.4419169325,0.556440610702
latency_zero,latency,zero,ppo_aggregate,liquidity_aware,24,0.257006894561,0.413165438069,-0.115373861389,0.626437666399,0.19062728826,0.690261166707,14.6848634247,0.17124203775
latency_zero,latency,zero,twap_like,liquidity_aware,24,0.99511350457,1.6717896874,0.172212188931,1.76847818735,0.012692213815,0.0507688552599,56.858808911,0.282782286417
latency_zero,latency,zero,immediate,liquidity_aware,24,1.7468590608,2.51913483492,0.0775731844974,3.22339932373,0.0273370759092,0.0859165242861,99.8120566912,0.556440610702
liquidity_adversarial_thin,liquidity,adversarial_thin,ppo_aggregate,liquidity_aware,24,0.572913673597,0.429563113216,0.138800922567,0.964241741138,0.00561386380278,0.0168415914083,22.1513637139,0.370866114371
liquidity_adversarial_thin,liquidity,adversarial_thin,twap_like,liquidity_aware,24,1.2881276868,1.69001362389,0.266111765317,2.36464333869,0.0158652672687,0.0475958018062,49.8046847462,0.33477382998
liquidity_adversarial_thin,liquidity,adversarial_thin,immediate,liquidity_aware,24,8.79344048243,9.51160776786,7.33631362564,10.26014112,0.000244081034904,0.000732243104711,339.99310437,2.3719720442
liquidity_high,liquidity,high,ppo_aggregate,liquidity_aware,24,0.11443028492,0.263387588562,-0.267239027405,0.515757539023,0.563583109592,0.563583109592,5.0802365163,0.077795879916
liquidity_high,liquidity,high,twap_like,liquidity_aware,24,0.833331673482,1.13309464531,-0.119827823172,1.74522631488,0.0820112277276,0.120087869173,36.9965171438,0.233809127795
liquidity_high,liquidity,high,immediate,liquidity_aware,24,1.19139916073,2.11306862509,-0.472054364264,2.76544378781,0.1657310227,0.1657310227,52.8932487238,0.369504625747
liquidity_low,liquidity,low,ppo_aggregate,liquidity_aware,24,0.360200595261,0.465092560636,-0.0605456366753,0.736787741811,0.0732243104711,0.146448620942,16.0067292135,0.253443477042
liquidity_low,liquidity,low,twap_like,liquidity_aware,24,0.935166429317,1.19372671288,-0.0589796210616,1.87438326475,0.0600439345863,0.120087869173,41.5572766968,0.262886552073
liquidity_low,liquidity,low,immediate,liquidity_aware,24,2.70190193742,3.22390722752,0.974224481169,4.29370441041,0.000732243104711,0.00146448620942,120.068132154,0.838341323127
queue_cancellation_perturb,queue,cancellation_allocation_proxy,ppo_aggregate,liquidity_aware,24,0.150682619889,0.446943987294,-0.550542264684,0.823756693176,0.673175494264,0.992921649988,5.34263778171,0.0580049101173
queue_cancellation_perturb,queue,cancellation_allocation_proxy,twap_like,liquidity_aware,24,0.311799308596,0.557137405313,-0.852051494763,1.39663949094,0.601903832072,0.601903832072,11.0552283179,0.0810820743762
queue_cancellation_perturb,queue,cancellation_allocation_proxy,immediate,liquidity_aware,24,1.1266286732,2.33512082559,-0.687913436344,2.75228176251,0.195264827923,0.390529655846,39.9460065125,0.336254401049
queue_optimistic,queue,optimistic_proxy,ppo_aggregate,liquidity_aware,24,0.354485864483,0.383219935292,0.00792235658595,0.714344792028,0.0478398828411,0.143519648523,27.8389929838,0.276959787431
queue_optimistic,queue,optimistic_proxy,twap_like,liquidity_aware,24,1.43078739728,1.72889372692,0.795129547016,2.10877614834,0.000244081034904,0.000732243104711,112.364650625,0.449682125204
queue_optimistic,queue,optimistic_proxy,immediate,liquidity_aware,24,2.67366442249,3.29136465785,1.4236859204,3.78728442405,0.000244081034904,0.000732243104711,209.972054054,1.05546626409
queue_pessimistic,queue,pessimistic_proxy,ppo_aggregate,liquidity_aware,24,-0.523289972968,-0.204503480975,-2.08908989687,0.730990243155,0.496460824994,0.992921649988,-11.2718621582,-0.144729120658
queue_pessimistic,queue,pessimistic_proxy,twap_like,liquidity_aware,24,-1.33376813953,-1.10344606425,-2.44418711978,-0.0130793789223,0.0327068586771,0.0654137173542,-28.7298656507,-0.290900495338
queue_pessimistic,queue,pessimistic_proxy,immediate,liquidity_aware,24,-0.695437341493,-0.0466617382759,-2.75927401853,1.26674038327,0.524530144008,0.524530144008,-14.9799810008,-0.160631634163
simulator_mismatch_adverse,simulator_mismatch,queue_impact_resilience_shift,ppo_aggregate,liquidity_aware,24,-1.24558995675,0.215378375162,-3.85649126211,1.07922419161,0.34146936783,0.34146936783,-21.0666861706,-0.229550301713
simulator_mismatch_adverse,simulator_mismatch,queue_impact_resilience_shift,twap_like,liquidity_aware,24,-1.17543491521,0.584584667406,-4.47432832672,1.62575445964,0.453258481816,0.453258481816,-19.8801526444,-0.148999256325
simulator_mismatch_adverse,simulator_mismatch,queue_impact_resilience_shift,immediate,liquidity_aware,24,3.67830115701,4.89052666362,-0.659668100734,7.03496812945,0.0566268000976,0.0566268000976,62.2111760741,0.475762097434
simulator_mismatch_form,simulator_mismatch,impact_form_and_fill_shift,ppo_aggregate,liquidity_aware,24,0.364044174912,0.397939342562,-0.0381019686941,0.76678924018,0.0771296070295,0.154259214059,21.4789122728,0.264607324973
simulator_mismatch_form,simulator_mismatch,impact_form_and_fill_shift,twap_like,liquidity_aware,24,1.27084298992,1.59221470669,0.617185862985,1.95031345172,0.000244081034904,0.000488162069807,74.9808044577,0.383533135671
simulator_mismatch_form,simulator_mismatch,impact_form_and_fill_shift,immediate,liquidity_aware,24,2.66453633651,3.11570508492,1.28131163205,3.9010951871,0.000244081034904,0.000488162069807,157.209883205,0.990133118984
size_10pct_depth,parent_size,10pct_depth_proxy,ppo_aggregate,liquidity_aware,24,-0.0295393227745,0.0216686245046,-0.454990047822,0.339849161536,0.884305589456,1.0,-1.33662159542,-0.0203218362289
size_10pct_depth,parent_size,10pct_depth_proxy,twap_like,liquidity_aware,24,0.66328985269,0.802791987595,-0.516209199423,1.7133181385,0.260922626312,0.727117402978,30.0131302229,0.178479893209
size_10pct_depth,parent_size,10pct_depth_proxy,immediate,liquidity_aware,24,0.796094128121,1.92404663992,-0.959899916538,2.41663137638,0.376861117891,0.753722235782,36.0223764016,0.252056240957
size_25pct_depth,parent_size,25pct_depth_proxy,ppo_aggregate,liquidity_aware,24,-0.0167057718895,0.190043902712,-0.482355384077,0.403439090749,0.939711984379,1.0,-0.717014600221,-0.00853250944579
size_25pct_depth,parent_size,25pct_depth_proxy,twap_like,liquidity_aware,24,0.843523500413,1.5453760134,-0.631035731056,2.09694377951,0.242372467659,0.727117402978,36.204173589,0.195290528226
size_25pct_depth,parent_size,25pct_depth_proxy,immediate,liquidity_aware,24,0.778495689975,1.88097012451,-1.03766077239,2.46041820887,0.397608005858,0.753722235782,33.4131687907,0.234790723374
size_50pct_depth,parent_size,50pct_depth_proxy,ppo_aggregate,liquidity_aware,24,0.120145312099,0.145536049539,-0.225916777745,0.467359306148,0.500366121552,1.0,5.59842682351,0.0863160580547
size_50pct_depth,parent_size,50pct_depth_proxy,twap_like,liquidity_aware,24,0.514488902399,0.482807619408,-0.578477081992,1.48092500801,0.32902123505,0.727117402978,23.973706683,0.141690230826
size_50pct_depth,parent_size,50pct_depth_proxy,immediate,liquidity_aware,24,1.18131633339,2.07256137735,-0.436441508924,2.65699464982,0.152062484745,0.456187454235,55.0459517095,0.382388829503
spread_adversarial,spread,adversarial_wide,ppo_aggregate,liquidity_aware,24,0.613771645435,0.677751072886,0.0532001544113,1.13312759899,0.0244081034904,0.0732243104711,58.9288932952,0.347653346352
spread_adversarial,spread,adversarial_wide,twap_like,liquidity_aware,24,5.17143142551,5.3335381246,4.01261211061,6.38545773362,0.000244081034904,0.000732243104711,496.514840534,1.19400615034
spread_adversarial,spread,adversarial_wide,immediate,liquidity_aware,24,6.90546121405,6.91930341956,4.97664132499,8.72241210975,0.000244081034904,0.000732243104711,663.000954938,1.8937412723
spread_narrow,spread,narrow,ppo_aggregate,liquidity_aware,24,-0.041430850919,-0.214967775276,-1.25740595113,1.18776492245,0.944349524042,0.944349524042,-1.55941828403,-0.0127019836198
spread_narrow,spread,narrow,twap_like,liquidity_aware,24,-0.306336869533,-0.0661551454956,-1.05358579912,0.477862757757,0.44300707835,0.44300707835,-11.5302318158,-0.0844847360032
spread_narrow,spread,narrow,immediate,liquidity_aware,24,0.290192919009,1.35117101761,-1.13615985335,1.82162149143,0.707102758116,0.707102758116,10.9225886933,0.0812749717795
spread_wide,spread,wide,ppo_aggregate,liquidity_aware,24,0.473266437242,0.875272776792,0.0111817918864,0.900333182282,0.0392970466195,0.078594093239,28.9186115798,0.296053674162
spread_wide,spread,wide,twap_like,liquidity_aware,24,3.03143142551,3.33647311329,2.03286991722,4.02453206776,0.000244081034904,0.000732243104711,185.233477438,0.777976032167
spread_wide,spread,wide,immediate,liquidity_aware,24,4.31046121405,4.71930341956,2.54708222424,5.98302313666,0.000244081034904,0.000732243104711,263.38768983,1.27677465411
volatility_high,volatility,high,ppo_aggregate,liquidity_aware,24,1.7001468299,0.902374454111,-0.81247563186,4.98888038232,0.26678057115,0.26678057115,77.3075131982,0.223586104887
volatility_high,volatility,high,twap_like,liquidity_aware,24,0.989790362162,2.47771554332,-0.638776382171,2.47375248168,0.229192091774,0.407615328289,45.0068371393,0.224798436883
volatility_high,volatility,high,immediate,liquidity_aware,24,1.89780740876,1.22952582744,-0.0229389981444,3.67946165693,0.0422260190383,0.0844520380766,86.2953532718,0.355694407612
volatility_low,volatility,low,ppo_aggregate,liquidity_aware,24,0.429574203073,0.507971597939,0.167485857704,0.680261332903,0.000732243104711,0.00219672931413,31.52639132,0.495363335006
volatility_low,volatility,low,twap_like,liquidity_aware,24,1.59708895582,1.78641019499,1.08049149053,2.11429329475,0.000244081034904,0.000732243104711,117.210137466,0.818336627683
volatility_low,volatility,low,immediate,liquidity_aware,24,2.5094213809,2.58033645174,1.70245436199,3.27758334874,0.000244081034904,0.000732243104711,184.166087896,1.51644474754
volatility_shock,volatility,shock,ppo_aggregate,liquidity_aware,24,6.16390245561,4.64993241506,0.1689005087,13.2631050672,0.0615084207957,0.123016841591,748.016155374,0.369157306441
volatility_shock,volatility,shock,twap_like,liquidity_aware,24,2.37762880253,5.93313293159,-1.2024647497,5.88248101686,0.203807664144,0.407615328289,288.535512783,0.268017381277
volatility_shock,volatility,shock,immediate,liquidity_aware,24,3.57297407543,2.11787794785,-0.207715580494,7.30377605792,0.0644373932145,0.0844520380766,433.595818623,0.334363451389
