case_id,dimension,setting,evidence_class,policy,episodes,mean_cost_bps,median_cost_bps,p95_cost_bps,cvar95_cost_bps,completion_rate,invalid_action_rate
central_reference,central,step27_active_training_regime,synthetic_engineering,immediate,24,3.947007408308794,3.9376028012820443,4.218566598237228,4.225752217754927,1.0,0.0
central_reference,central,step27_active_training_regime,synthetic_engineering,twap_like,24,3.1229776197662606,3.0910916153706474,6.931640238160083,7.56181513448678,1.0,0.0
central_reference,central,step27_active_training_regime,synthetic_engineering,liquidity_aware,24,2.2315461942580863,1.2766291089382484,8.014488790422607,8.96833265618799,1.0,0.0
central_reference,central,step27_active_training_regime,synthetic_engineering,ppo_seed_27,24,2.6839200032581245,2.245496163049715,10.60503350395468,11.407655579196213,1.0,0.0
central_reference,central,step27_active_training_regime,synthetic_engineering,ppo_seed_127,24,2.6839200032581245,2.245496163049715,10.60503350395468,11.407655579196213,1.0,0.0
central_reference,central,step27_active_training_regime,synthetic_engineering,ppo_seed_227,24,1.6973961596179985,1.0045791228437349,7.769902929876808,9.338230790327785,1.0,0.0
central_reference,central,step27_active_training_regime,synthetic_engineering,ppo_seed_327,24,2.9407536783986603,3.1265799161086,7.039280955064713,7.155702462555226,1.0,0.0
central_reference,central,step27_active_training_regime,synthetic_engineering,ppo_seed_427,24,2.5616450892748284,1.653321760428041,10.52912915789096,11.041682752339222,1.0,0.0
latency_zero,latency,zero,synthetic_engineering,immediate,24,3.4970074083087943,3.487602801282044,3.768566598237227,3.7757522177549263,1.0,0.0
latency_zero,latency,zero,synthetic_engineering,twap_like,24,2.7452618520810232,2.8343751096076986,6.481640238160083,7.111815134486781,1.0,0.0
latency_zero,latency,zero,synthetic_engineering,liquidity_aware,24,1.750148347510634,0.8266291089382485,7.564488790422608,8.51833265618799,1.0,0.0
latency_zero,latency,zero,synthetic_engineering,ppo_seed_27,24,2.2183901422639507,1.795496163049715,10.15503350395468,10.957655579196214,1.0,0.0
latency_zero,latency,zero,synthetic_engineering,ppo_seed_127,24,2.2183901422639507,1.795496163049715,10.15503350395468,10.957655579196214,1.0,0.0
latency_zero,latency,zero,synthetic_engineering,ppo_seed_227,24,1.0430106426449246,0.32566774527020154,7.1662180975880805,8.832141759763653,1.0,0.0
latency_zero,latency,zero,synthetic_engineering,ppo_seed_327,24,2.435227910137551,2.496409083533872,6.690833441166344,6.898905927565085,1.0,0.0
latency_zero,latency,zero,synthetic_engineering,ppo_seed_427,24,2.1207573730483626,1.1960754679527916,10.15503350395468,10.636332367670823,1.0,0.0
latency_half,latency,0.5x,synthetic_engineering,immediate,24,3.7220074083087944,3.7126028012820442,3.993566598237228,4.000752217754927,1.0,0.0
latency_half,latency,0.5x,synthetic_engineering,twap_like,24,2.970261852081023,3.059375109607698,6.706640238160082,7.336815134486779,1.0,0.0
latency_half,latency,0.5x,synthetic_engineering,liquidity_aware,24,1.9751483475106344,1.0516291089382483,7.789488790422607,8.743332656187992,1.0,0.0
latency_half,latency,0.5x,synthetic_engineering,ppo_seed_27,24,2.443390142263951,2.0204961630497147,10.380033503954678,11.182655579196211,1.0,0.0
latency_half,latency,0.5x,synthetic_engineering,ppo_seed_127,24,2.443390142263951,2.0204961630497147,10.380033503954678,11.182655579196211,1.0,0.0
latency_half,latency,0.5x,synthetic_engineering,ppo_seed_227,24,1.384156074230659,0.5506677452702013,7.449551577917782,9.057141759763654,1.0,0.0
latency_half,latency,0.5x,synthetic_engineering,ppo_seed_327,24,2.6288597561586293,2.6664885827949814,6.814280955064712,6.9307024625552245,1.0,0.0
latency_half,latency,0.5x,synthetic_engineering,ppo_seed_427,24,2.325181972718857,1.4283217604280405,10.380033503954678,10.861332367670823,1.0,0.0
latency_2x,latency,2x,synthetic_engineering,immediate,24,4.397007408308794,4.3876028012820445,4.668566598237227,4.675752217754927,1.0,0.0
latency_2x,latency,2x,synthetic_engineering,twap_like,24,3.572977619766261,3.5410916153706475,7.381640238160083,8.011815134486781,1.0,0.0
latency_2x,latency,2x,synthetic_engineering,liquidity_aware,24,2.717571436091186,1.7266291089382482,8.464488790422607,9.418332656187989,1.0,0.0
latency_2x,latency,2x,synthetic_engineering,ppo_seed_27,24,3.1614335872886703,2.695496163049715,11.055033503954679,11.857655579196212,1.0,0.0
latency_2x,latency,2x,synthetic_engineering,ppo_seed_127,24,3.1614335872886703,2.695496163049715,11.055033503954679,11.857655579196212,1.0,0.0
latency_2x,latency,2x,synthetic_engineering,ppo_seed_227,24,2.322822554210863,1.7232090077310813,8.219902929876808,10.05780110584464,1.0,0.0
latency_2x,latency,2x,synthetic_engineering,ppo_seed_327,24,3.331170400877575,3.5765799161086003,7.315977928575889,7.6024850021969055,1.0,0.0
latency_2x,latency,2x,synthetic_engineering,ppo_seed_427,24,3.0003290115877035,2.075896975246727,10.970001762542928,11.491682752339223,1.0,0.0
latency_5x,latency,5x,synthetic_engineering,immediate,24,5.747007408308794,5.737602801282044,6.018566598237228,6.025752217754928,1.0,0.0
latency_5x,latency,5x,synthetic_engineering,twap_like,24,4.941438507139328,4.891091615370647,8.770046713648817,9.361815134486779,1.0,0.0
latency_5x,latency,5x,synthetic_engineering,liquidity_aware,24,4.20935332428287,3.2547901417729186,10.6999462716568,11.217416878041771,1.0,0.0
latency_5x,latency,5x,synthetic_engineering,ppo_seed_27,24,4.628097051200067,3.9852773456352355,12.400958295420438,14.033580587807732,1.0,0.0
latency_5x,latency,5x,synthetic_engineering,ppo_seed_127,24,4.628097051200067,3.9852773456352355,12.400958295420438,14.033580587807732,1.0,0.0
latency_5x,latency,5x,synthetic_engineering,ppo_seed_227,24,4.186771090836565,3.5601846778097097,11.51870700582633,13.653908589924047,1.0,0.0
latency_5x,latency,5x,synthetic_engineering,ppo_seed_327,24,4.617144414064257,4.843946832407653,8.420099857776021,8.887455631589493,1.0,0.0
latency_5x,latency,5x,synthetic_engineering,ppo_seed_427,24,4.534268908630556,3.8689776140472087,12.315351979553867,13.60449711353153,1.0,0.0
grid_10ms_proxy,decision_grid,10ms_proxy,synthetic_engineering,immediate,24,3.822007408308794,3.8126028012820443,4.093566598237228,4.100752217754927,1.0,0.0
grid_10ms_proxy,decision_grid,10ms_proxy,synthetic_engineering,twap_like,24,1.3155244138313547,0.813752264050573,6.509300893682773,6.555397768139947,1.0,0.0
grid_10ms_proxy,decision_grid,10ms_proxy,synthetic_engineering,liquidity_aware,24,0.903471832409107,0.26817264965095955,7.176693036523649,7.890446315959009,1.0,0.0
grid_10ms_proxy,decision_grid,10ms_proxy,synthetic_engineering,ppo_seed_27,24,0.8502825048246181,0.1427243001838397,7.069290055069308,7.908785400615348,1.0,0.0
grid_10ms_proxy,decision_grid,10ms_proxy,synthetic_engineering,ppo_seed_127,24,0.8502825048246181,0.1427243001838397,7.069290055069308,7.908785400615348,1.0,0.0
grid_10ms_proxy,decision_grid,10ms_proxy,synthetic_engineering,ppo_seed_227,24,0.3766606202401743,-0.16396777142615424,5.4018432969800925,6.772722222653689,1.0,0.0
grid_10ms_proxy,decision_grid,10ms_proxy,synthetic_engineering,ppo_seed_327,24,2.5132901287907146,2.7582500185164815,6.6548643249008155,7.142940847894121,1.0,0.0
grid_10ms_proxy,decision_grid,10ms_proxy,synthetic_engineering,ppo_seed_427,24,1.2042831329479227,0.729772817895981,7.402792275257707,7.514797795935223,1.0,0.0
grid_100ms_proxy,decision_grid,100ms_proxy,synthetic_engineering,immediate,24,3.9970074083087943,3.987602801282044,4.268566598237228,4.275752217754928,1.0,0.0
grid_100ms_proxy,decision_grid,100ms_proxy,synthetic_engineering,twap_like,24,2.8074348663878546,2.6735078475982883,6.680548257549389,6.952525541045008,1.0,0.0
grid_100ms_proxy,decision_grid,100ms_proxy,synthetic_engineering,liquidity_aware,24,2.7569075149988733,2.3025022433871087,7.770568175994814,10.924656875840828,1.0,0.0
grid_100ms_proxy,decision_grid,100ms_proxy,synthetic_engineering,ppo_seed_27,24,3.181725571674324,2.5060105440723905,9.454886031778555,9.968488677966178,1.0,0.0
grid_100ms_proxy,decision_grid,100ms_proxy,synthetic_engineering,ppo_seed_127,24,3.181725571674324,2.5060105440723905,9.454886031778555,9.968488677966178,1.0,0.0
grid_100ms_proxy,decision_grid,100ms_proxy,synthetic_engineering,ppo_seed_227,24,2.0917961047848013,1.2959630678343892,7.824490446271651,8.096358209840268,1.0,0.0
grid_100ms_proxy,decision_grid,100ms_proxy,synthetic_engineering,ppo_seed_327,24,2.9397382131925043,2.9956727790057096,7.203053762226235,7.394373534223956,1.0,0.0
grid_100ms_proxy,decision_grid,100ms_proxy,synthetic_engineering,ppo_seed_427,24,3.1195343206023316,2.4790083025431495,9.109330538942741,9.782294111313483,1.0,0.0
grid_250ms_proxy,decision_grid,250ms_proxy,synthetic_engineering,immediate,24,4.072007408308794,4.062602801282044,4.343566598237228,4.350752217754927,1.0,0.0
grid_250ms_proxy,decision_grid,250ms_proxy,synthetic_engineering,twap_like,24,3.187301742234711,3.4613401709079437,7.490888424460562,7.885802715859852,1.0,0.0
grid_250ms_proxy,decision_grid,250ms_proxy,synthetic_engineering,liquidity_aware,24,2.732058741927998,2.3359041613667397,8.6968560467185,9.870920381549695,1.0,0.0
grid_250ms_proxy,decision_grid,250ms_proxy,synthetic_engineering,ppo_seed_27,24,3.948550895943754,3.3334334192289257,9.212277912172752,11.831995713169908,1.0,0.0
grid_250ms_proxy,decision_grid,250ms_proxy,synthetic_engineering,ppo_seed_127,24,3.948550895943754,3.3334334192289257,9.212277912172752,11.831995713169908,1.0,0.0
grid_250ms_proxy,decision_grid,250ms_proxy,synthetic_engineering,ppo_seed_227,24,2.6729431862265405,1.8336920731831952,8.674752645943654,9.074977843969577,1.0,0.0
grid_250ms_proxy,decision_grid,250ms_proxy,synthetic_engineering,ppo_seed_327,24,3.05817289114767,3.064895769221976,7.696782682725927,7.775102478957783,1.0,0.0
grid_250ms_proxy,decision_grid,250ms_proxy,synthetic_engineering,ppo_seed_427,24,3.833264701764509,3.2280991496559754,9.019850984326501,11.659820197368898,1.0,0.0
grid_1000ms_proxy,decision_grid,1000ms_proxy,synthetic_engineering,immediate,24,4.197007408308794,4.187602801282044,4.468566598237228,4.475752217754927,1.0,0.0
grid_1000ms_proxy,decision_grid,1000ms_proxy,synthetic_engineering,twap_like,24,3.548348415207825,3.78336935654308,7.424566399738481,8.082271483593646,1.0,0.0
grid_1000ms_proxy,decision_grid,1000ms_proxy,synthetic_engineering,liquidity_aware,24,3.583226556342441,2.902101564521296,8.508597998821967,8.685726696645157,1.0,0.0
grid_1000ms_proxy,decision_grid,1000ms_proxy,synthetic_engineering,ppo_seed_27,24,4.113547300812679,3.5898630924008863,9.899366995547423,10.458561158414692,1.0,0.0
grid_1000ms_proxy,decision_grid,1000ms_proxy,synthetic_engineering,ppo_seed_127,24,4.113547300812679,3.5898630924008863,9.899366995547423,10.458561158414692,1.0,0.0
grid_1000ms_proxy,decision_grid,1000ms_proxy,synthetic_engineering,ppo_seed_227,24,2.8911176907601703,2.986354588406151,6.662073996708459,8.287982957643777,1.0,0.0
grid_1000ms_proxy,decision_grid,1000ms_proxy,synthetic_engineering,ppo_seed_327,24,3.4342471540941304,3.0339896672926034,7.532583884504199,7.870112398842939,1.0,0.0
grid_1000ms_proxy,decision_grid,1000ms_proxy,synthetic_engineering,ppo_seed_427,24,4.091565056649507,3.6461726203111207,9.746790990424879,10.425272067574731,1.0,0.0
liquidity_high,liquidity,high,synthetic_engineering,immediate,24,3.4438589537478657,3.4400841041200962,3.566864105220424,3.5688151741157994,1.0,0.0
liquidity_high,liquidity,high,synthetic_engineering,twap_like,24,3.085791466503572,3.0499791856757468,6.896874889167638,7.524614995424988,1.0,0.0
liquidity_high,liquidity,high,synthetic_engineering,liquidity_aware,24,2.2524597930216514,1.2617054225552726,7.9944251490164255,8.953758102122503,1.0,0.0
liquidity_high,liquidity,high,synthetic_engineering,ppo_seed_27,24,2.641434060756742,2.2185071426715086,10.545245296626156,11.332843177062148,1.0,0.0
liquidity_high,liquidity,high,synthetic_engineering,ppo_seed_127,24,2.641434060756742,2.2185071426715086,10.545245296626156,11.332843177062148,1.0,0.0
liquidity_high,liquidity,high,synthetic_engineering,ppo_seed_227,24,1.218290828362571,0.5984454219428545,6.28265273626326,7.880719564219224,1.0,0.0
liquidity_high,liquidity,high,synthetic_engineering,ppo_seed_327,24,2.731357793179903,3.0835026451670537,7.096545956194982,7.307691706079472,1.0,0.0
liquidity_high,liquidity,high,synthetic_engineering,ppo_seed_427,24,2.6019336466528213,2.1745186895054838,10.480212006290506,10.994628035038861,1.0,0.0
liquidity_low,liquidity,low,synthetic_engineering,immediate,24,4.952209232911127,4.925295418586996,5.533234244946367,5.558069777743218,1.0,0.0
liquidity_low,liquidity,low,synthetic_engineering,twap_like,24,3.185473724811679,3.160106052872573,6.9890936828743415,7.623446631459483,1.0,0.0
liquidity_low,liquidity,low,synthetic_engineering,liquidity_aware,24,2.250307295494559,1.304465430434575,8.050869905493256,8.995305490367556,1.0,0.0
liquidity_low,liquidity,low,synthetic_engineering,ppo_seed_27,24,2.7557750105695233,2.2906745301019615,10.703939948083656,11.53345737952469,1.0,0.0
liquidity_low,liquidity,low,synthetic_engineering,ppo_seed_127,24,2.7557750105695233,2.2906745301019615,10.703939948083656,11.53345737952469,1.0,0.0
liquidity_low,liquidity,low,synthetic_engineering,ppo_seed_227,24,2.061243708728011,1.4941445466113674,9.416879596828405,10.615334456510533,1.0,0.0
liquidity_low,liquidity,low,synthetic_engineering,ppo_seed_327,24,2.8861157153589168,3.162181215591308,6.940983004683004,7.223642970344716,1.0,0.0
liquidity_low,liquidity,low,synthetic_engineering,ppo_seed_427,24,2.5936300085506336,1.7097068092438144,10.703939948083656,11.182508886003044,1.0,0.0
liquidity_adversarial_thin,liquidity,adversarial_thin,synthetic_engineering,immediate,24,11.379798961289536,11.140414850046419,13.950000000000728,14.118055555556015,1.0,0.0
liquidity_adversarial_thin,liquidity,adversarial_thin,synthetic_engineering,twap_like,24,3.874486165666324,3.8655726816161633,7.648746699740026,8.082621605272418,1.0,0.0
liquidity_adversarial_thin,liquidity,adversarial_thin,synthetic_engineering,liquidity_aware,24,2.586358478861794,1.6561996021948118,9.18568589039427,9.699377044510669,1.0,0.0
liquidity_adversarial_thin,liquidity,adversarial_thin,synthetic_engineering,ppo_seed_27,24,3.174676345277151,2.5134217055817016,11.173700815552449,12.15679482138013,1.0,0.0
liquidity_adversarial_thin,liquidity,adversarial_thin,synthetic_engineering,ppo_seed_127,24,3.174676345277151,2.5134217055817016,11.173700815552449,12.15679482138013,1.0,0.0
liquidity_adversarial_thin,liquidity,adversarial_thin,synthetic_engineering,ppo_seed_227,24,2.836028170739968,2.3217863916045323,10.627435437862104,11.290678193254013,1.0,0.0
liquidity_adversarial_thin,liquidity,adversarial_thin,synthetic_engineering,ppo_seed_327,24,3.5943067297289857,3.981436269827232,7.816313359583109,8.235570882974947,1.0,0.0
liquidity_adversarial_thin,liquidity,adversarial_thin,synthetic_engineering,ppo_seed_427,24,3.016673171270481,2.2724439951820297,11.173700815552449,11.647183044817508,1.0,0.0
spread_narrow,spread,narrow,synthetic_engineering,immediate,24,2.947007408308794,2.9376028012820448,3.218566598237228,3.225752217754927,1.0,0.0
spread_narrow,spread,narrow,synthetic_engineering,twap_like,24,2.3504776197662607,2.1610916153706476,6.295774994684531,6.749768532004243,1.0,0.0
spread_narrow,spread,narrow,synthetic_engineering,liquidity_aware,24,2.6568144892995944,1.5847794891010842,9.801187144089226,10.113331007785433,1.0,0.0
spread_narrow,spread,narrow,synthetic_engineering,ppo_seed_27,24,2.9664200032581243,2.559553122664491,10.61603350395468,11.397655579196211,1.0,0.0
spread_narrow,spread,narrow,synthetic_engineering,ppo_seed_127,24,2.9664200032581243,2.559553122664491,10.61603350395468,11.397655579196211,1.0,0.0
spread_narrow,spread,narrow,synthetic_engineering,ppo_seed_227,24,2.4429986710403546,1.8579499926008343,9.690680276865189,10.717081898190747,1.0,0.0
spread_narrow,spread,narrow,synthetic_engineering,ppo_seed_327,24,1.8459715567979822,1.871154979354269,6.200833441166344,6.418905927565087,1.0,0.0
spread_narrow,spread,narrow,synthetic_engineering,ppo_seed_427,24,2.855107957548634,1.9660754679527916,10.61603350395468,11.076332367670823,1.0,0.0
spread_wide,spread,wide,synthetic_engineering,immediate,24,5.947007408308795,5.937602801282045,6.218566598237228,6.225752217754927,1.0,0.0
spread_wide,spread,wide,synthetic_engineering,twap_like,24,4.667977619766261,4.844375109607698,8.704939311189612,9.46181513448678,1.0,0.0
spread_wide,spread,wide,synthetic_engineering,liquidity_aware,24,1.6365461942580868,1.0047681285826209,7.747614699772708,8.443422591438061,1.0,0.0
spread_wide,spread,wide,synthetic_engineering,ppo_seed_27,24,2.118920003258124,1.4297050608689819,10.58303350395468,11.427655579196212,1.0,0.0
spread_wide,spread,wide,synthetic_engineering,ppo_seed_127,24,2.118920003258124,1.4297050608689819,10.58303350395468,11.427655579196212,1.0,0.0
spread_wide,spread,wide,synthetic_engineering,ppo_seed_227,24,-0.25627429098081556,-0.771710474099076,4.915295253721993,5.1892077355040644,1.0,0.0
spread_wide,spread,wide,synthetic_engineering,ppo_seed_327,24,4.548804428702673,4.8134906752375315,8.96519833377808,9.18804007620927,1.0,0.0
spread_wide,spread,wide,synthetic_engineering,ppo_seed_427,24,2.018693013262028,1.2771398277589259,10.498001762542925,11.061682752339221,1.0,0.0
spread_adversarial,spread,adversarial_wide,synthetic_engineering,immediate,24,7.947007408308795,7.937602801282045,8.218566598237228,8.225752217754927,1.0,0.0
spread_adversarial,spread,adversarial_wide,synthetic_engineering,twap_like,24,6.212977619766261,6.547314636632868,10.584939311189613,11.361815134486779,1.0,0.0
spread_adversarial,spread,adversarial_wide,synthetic_engineering,liquidity_aware,24,1.041546194258087,0.8047681285826207,7.907614699772705,8.223422591438062,1.0,0.0
spread_adversarial,spread,adversarial_wide,synthetic_engineering,ppo_seed_27,24,1.5539200032581242,0.7718241399937948,10.561033503954675,11.447655579196212,1.0,0.0
spread_adversarial,spread,adversarial_wide,synthetic_engineering,ppo_seed_127,24,1.5539200032581242,0.7718241399937948,10.561033503954675,11.447655579196212,1.0,0.0
spread_adversarial,spread,adversarial_wide,synthetic_engineering,ppo_seed_227,24,-2.2381655452502653,-2.7328617521873215,2.8677194755899045,3.726050033873163,1.0,0.0
spread_adversarial,spread,adversarial_wide,synthetic_engineering,ppo_seed_327,24,5.926555057270188,5.863821048610321,10.952814291093583,11.061397313317253,1.0,0.0
spread_adversarial,spread,adversarial_wide,synthetic_engineering,ppo_seed_427,24,1.4803596799286953,0.6866676712271405,10.476001762542923,11.081682752339223,1.0,0.0
volatility_low,volatility,low,synthetic_engineering,immediate,24,3.8720074083087943,3.862602801282044,4.143566598237227,4.150752217754927,1.0,0.0
volatility_low,volatility,low,synthetic_engineering,twap_like,24,2.959674983227456,3.170085790083898,4.208321172170861,5.026819546760031,1.0,0.0
volatility_low,volatility,low,synthetic_engineering,liquidity_aware,24,1.3625860274114847,1.0918713191059477,4.250778720467463,4.887779899158005,1.0,0.0
volatility_low,volatility,low,synthetic_engineering,ppo_seed_27,24,1.7431283155498078,1.3774322850935912,6.260015562508731,6.476354408193853,1.0,0.0
volatility_low,volatility,low,synthetic_engineering,ppo_seed_127,24,1.7431283155498078,1.3774322850935912,6.260015562508731,6.476354408193853,1.0,0.0
volatility_low,volatility,low,synthetic_engineering,ppo_seed_227,24,0.5887094160454793,0.4761554931514996,4.150046361029149,4.743731486129102,1.0,0.0
volatility_low,volatility,low,synthetic_engineering,ppo_seed_327,24,3.151830864706843,3.283808001437123,5.314731694969242,5.427914715485408,1.0,0.0
volatility_low,volatility,low,synthetic_engineering,ppo_seed_427,24,1.7340042405705802,1.3889857315720104,5.983846231298522,6.246502245091541,1.0,0.0
volatility_high,volatility,high,synthetic_engineering,immediate,24,4.097007408308794,4.087602801282044,4.368566598237228,4.375752217754927,1.0,0.0
volatility_high,volatility,high,synthetic_engineering,twap_like,24,3.188990361708998,2.6465916153706477,11.652111689120687,12.26829011696669,1.0,0.0
volatility_high,volatility,high,synthetic_engineering,liquidity_aware,24,2.1991999995466327,2.9365773480421797,10.528686117006657,11.373728042880677,1.0,0.0
volatility_high,volatility,high,synthetic_engineering,ppo_seed_27,24,4.490719827953046,3.1102010670291005,18.92805829542044,23.83459059300354,1.0,0.0
volatility_high,volatility,high,synthetic_engineering,ppo_seed_127,24,4.490719827953046,3.1102010670291005,18.92805829542044,23.83459059300354,1.0,0.0
volatility_high,volatility,high,synthetic_engineering,ppo_seed_227,24,3.912283244279242,2.4081589343602765,17.4601917010473,21.891393215676487,1.0,0.0
volatility_high,volatility,high,synthetic_engineering,ppo_seed_327,24,2.209118688055644,2.5305119652083023,10.738383441166343,11.118905927565088,1.0,0.0
volatility_high,volatility,high,synthetic_engineering,ppo_seed_427,24,4.3938925590119675,2.9046879428953414,18.929251979553868,23.008579008284606,1.0,0.0
volatility_shock,volatility,shock,synthetic_engineering,immediate,24,4.397007408308794,4.3876028012820445,4.668566598237227,4.675752217754927,1.0,0.0
volatility_shock,volatility,shock,synthetic_engineering,twap_like,24,3.2016621354078545,2.1333123835548387,21.215857775394124,23.68728811132791,1.0,0.0
volatility_shock,volatility,shock,synthetic_engineering,liquidity_aware,24,0.8240333328799654,2.326577348042179,17.39438611700665,19.01872804288067,1.0,0.0
volatility_shock,volatility,shock,synthetic_engineering,ppo_seed_27,24,8.640628152573614,6.762019228538135,42.329228529356804,50.5695866349233,1.0,0.0
volatility_shock,volatility,shock,synthetic_engineering,ppo_seed_127,24,8.640628152573614,6.762019228538135,42.329228529356804,50.5695866349233,1.0,0.0
volatility_shock,volatility,shock,synthetic_engineering,ppo_seed_227,24,8.642612079006208,7.62294385228383,40.8593431076735,46.929278491994694,1.0,0.0
volatility_shock,volatility,shock,synthetic_engineering,ppo_seed_327,24,0.5470377210437354,2.34855867343465,18.041578119360665,18.658905927565083,1.0,0.0
volatility_shock,volatility,shock,synthetic_engineering,ppo_seed_427,24,8.468772837245831,6.868303814845719,42.544707738324,48.78252747235409,1.0,0.0
queue_optimistic,queue,optimistic_proxy,synthetic_engineering,immediate,24,3.947007408308794,3.9376028012820443,4.218566598237228,4.225752217754927,1.0,0.0
queue_optimistic,queue,optimistic_proxy,synthetic_engineering,twap_like,24,2.704130383102511,2.2861629939497154,6.913225034346608,7.550982661655325,1.0,0.0
queue_optimistic,queue,optimistic_proxy,synthetic_engineering,liquidity_aware,24,1.2733429858218785,0.8305152297125578,5.840508871576375,7.435395037609412,1.0,0.0
queue_optimistic,queue,optimistic_proxy,synthetic_engineering,ppo_seed_27,24,1.554450018846057,1.2789154069819033,6.752814039531213,7.930560844142998,1.0,0.0
queue_optimistic,queue,optimistic_proxy,synthetic_engineering,ppo_seed_127,24,1.554450018846057,1.2789154069819033,6.752814039531213,7.930560844142998,1.0,0.0
queue_optimistic,queue,optimistic_proxy,synthetic_engineering,ppo_seed_227,24,0.6756891156379329,0.22481264460647657,4.205981055989232,5.071053580004994,1.0,0.0
queue_optimistic,queue,optimistic_proxy,synthetic_engineering,ppo_seed_327,24,2.813013646974254,3.1018188924761754,6.982978015697187,7.076123567834404,1.0,0.0
queue_optimistic,queue,optimistic_proxy,synthetic_engineering,ppo_seed_427,24,1.5415414512187449,1.5453052978004302,6.752814039531213,7.930560844142998,1.0,0.0
queue_pessimistic,queue,pessimistic_proxy,synthetic_engineering,immediate,24,3.947007408308794,3.9376028012820443,4.218566598237228,4.225752217754927,1.0,0.0
queue_pessimistic,queue,pessimistic_proxy,synthetic_engineering,twap_like,24,3.308676610273656,3.2018607573863833,7.954207775394133,8.45478811132791,1.0,0.0
queue_pessimistic,queue,pessimistic_proxy,synthetic_engineering,liquidity_aware,24,4.642444749801648,4.0109408456872675,11.15854208995403,14.434956600682781,1.0,0.0
queue_pessimistic,queue,pessimistic_proxy,synthetic_engineering,ppo_seed_27,24,4.677798650775226,3.7826368808442883,13.453575768959036,16.095086634923298,1.0,0.0
queue_pessimistic,queue,pessimistic_proxy,synthetic_engineering,ppo_seed_127,24,4.677798650775226,3.7826368808442883,13.453575768959036,16.095086634923298,1.0,0.0
queue_pessimistic,queue,pessimistic_proxy,synthetic_engineering,ppo_seed_227,24,3.6780661833960586,2.817913219206131,11.751234309429023,13.975753902930808,1.0,0.0
queue_pessimistic,queue,pessimistic_proxy,synthetic_engineering,ppo_seed_327,24,3.0029661608420497,3.1545582965165635,7.039280955064713,7.17207159884348,1.0,0.0
queue_pessimistic,queue,pessimistic_proxy,synthetic_engineering,ppo_seed_427,24,4.559144238380655,3.734643359521497,13.333686067398649,15.458527472354088,1.0,0.0
queue_cancellation_perturb,queue,cancellation_allocation_proxy,synthetic_engineering,immediate,24,3.947007408308794,3.9376028012820443,4.218566598237228,4.225752217754927,1.0,0.0
queue_cancellation_perturb,queue,cancellation_allocation_proxy,synthetic_engineering,twap_like,24,3.1321780437025133,3.0910916153706474,6.91072236882547,7.56181513448678,1.0,0.0
queue_cancellation_perturb,queue,cancellation_allocation_proxy,synthetic_engineering,liquidity_aware,24,2.820378735106383,1.6922006803565426,9.048707655263634,9.422503548305382,1.0,0.0
queue_cancellation_perturb,queue,cancellation_allocation_proxy,synthetic_engineering,ppo_seed_27,24,3.2667618824730056,2.7553582791659794,10.600958295420437,13.538590593003539,1.0,0.0
queue_cancellation_perturb,queue,cancellation_allocation_proxy,synthetic_engineering,ppo_seed_127,24,3.2667618824730056,2.7553582791659794,10.600958295420437,13.538590593003539,1.0,0.0
queue_cancellation_perturb,queue,cancellation_allocation_proxy,synthetic_engineering,ppo_seed_227,24,2.2458912049398214,1.5040739361129805,7.850137006166547,11.22900981930421,1.0,0.0
queue_cancellation_perturb,queue,cancellation_allocation_proxy,synthetic_engineering,ppo_seed_327,24,2.966453810261626,3.137845568649015,7.039280955064713,7.155702462555226,1.0,0.0
queue_cancellation_perturb,queue,cancellation_allocation_proxy,synthetic_engineering,ppo_seed_427,24,3.1094379948305453,2.2772643953101808,10.515351979553866,13.043079008284607,1.0,0.0
fees_zero,fees_rebates,zero,synthetic_engineering,immediate,24,3.697007408308794,3.6876028012820443,3.968566598237228,3.975752217754927,1.0,0.0
fees_zero,fees_rebates,zero,synthetic_engineering,twap_like,24,2.907102619766261,2.8515916153706478,6.707290238160082,7.31931513448678,1.0,0.0
fees_zero,fees_rebates,zero,synthetic_engineering,liquidity_aware,24,2.176171194258087,1.2231291089382483,7.944488790422607,8.91483265618799,1.0,0.0
fees_zero,fees_rebates,zero,synthetic_engineering,ppo_seed_27,24,2.626295003258124,2.199496163049715,10.506683503954678,11.306155579196211,1.0,0.0
fees_zero,fees_rebates,zero,synthetic_engineering,ppo_seed_127,24,2.626295003258124,2.199496163049715,10.506683503954678,11.306155579196211,1.0,0.0
fees_zero,fees_rebates,zero,synthetic_engineering,ppo_seed_227,24,1.4899005964826924,0.7611677452702015,7.567451214931367,9.212141759763654,1.0,0.0
fees_zero,fees_rebates,zero,synthetic_engineering,ppo_seed_327,24,2.6035566193715094,2.847650815038569,6.624977928575889,6.914485002196905,1.0,0.0
fees_zero,fees_rebates,zero,synthetic_engineering,ppo_seed_427,24,2.5020200892748283,1.601321760428041,10.43077915789096,10.940182752339222,1.0,0.0
fees_favourable,fees_rebates,favourable,synthetic_engineering,immediate,24,3.7470074083087943,3.737602801282044,4.018566598237227,4.025752217754927,1.0,0.0
fees_favourable,fees_rebates,favourable,synthetic_engineering,twap_like,24,2.950277619766261,2.8994916153706476,6.752160238160084,7.367815134486781,1.0,0.0
fees_favourable,fees_rebates,favourable,synthetic_engineering,liquidity_aware,24,2.187246194258087,1.2338291089382485,7.958488790422608,8.925532656187992,1.0,0.0
fees_favourable,fees_rebates,favourable,synthetic_engineering,ppo_seed_27,24,2.6378200032581245,2.208696163049715,10.52635350395468,11.326455579196212,1.0,0.0
fees_favourable,fees_rebates,favourable,synthetic_engineering,ppo_seed_127,24,2.6378200032581245,2.208696163049715,10.52635350395468,11.326455579196212,1.0,0.0
fees_favourable,fees_rebates,favourable,synthetic_engineering,ppo_seed_227,24,1.5949654855953643,0.7640677452702016,7.635471577917782,9.226141759763653,1.0,0.0
fees_favourable,fees_rebates,favourable,synthetic_engineering,ppo_seed_327,24,2.6512066193715094,2.8958508150385684,6.67317792857589,6.962085002196906,1.0,0.0
fees_favourable,fees_rebates,favourable,synthetic_engineering,ppo_seed_427,24,2.5139450892748285,1.6117217604280407,10.45044915789096,10.960482752339221,1.0,0.0
fees_adverse,fees_rebates,adverse,synthetic_engineering,immediate,24,4.697007408308794,4.687602801282044,4.968566598237228,4.975752217754927,1.0,0.0
fees_adverse,fees_rebates,adverse,synthetic_engineering,twap_like,24,3.7706026197662603,3.809591615370648,7.604690238160082,8.289315134486781,1.0,0.0
fees_adverse,fees_rebates,adverse,synthetic_engineering,liquidity_aware,24,2.397671194258087,1.4597681285826205,8.224488790422606,9.12883265618799,1.0,0.0
fees_adverse,fees_rebates,adverse,synthetic_engineering,ppo_seed_27,24,2.8567950032581244,2.383496163049715,10.900083503954678,11.71215557919621,1.0,0.0
fees_adverse,fees_rebates,adverse,synthetic_engineering,ppo_seed_127,24,2.8567950032581244,2.383496163049715,10.900083503954678,11.71215557919621,1.0,0.0
fees_adverse,fees_rebates,adverse,synthetic_engineering,ppo_seed_227,24,2.1489388110897027,1.6342195633500531,9.865980276865189,11.033167472211614,1.0,0.0
fees_adverse,fees_rebates,adverse,synthetic_engineering,ppo_seed_327,24,3.4705793991079514,3.7598721178987047,7.836374402946425,8.036341695968526,1.0,0.0
fees_adverse,fees_rebates,adverse,synthetic_engineering,ppo_seed_427,24,2.782201444879147,2.313358191729569,10.815051762542925,11.346182752339221,1.0,0.0
size_10pct_depth,parent_size,10pct_depth_proxy,synthetic_engineering,immediate,24,3.006093044474177,3.0059235358007914,3.017081270377094,3.0173545917737337,1.0,0.0
size_10pct_depth,parent_size,10pct_depth_proxy,synthetic_engineering,twap_like,24,2.8732887690431874,3.251795237462767,5.989423735397813,6.194457285335513,1.0,0.0
size_10pct_depth,parent_size,10pct_depth_proxy,synthetic_engineering,liquidity_aware,24,2.209998916353637,1.0758018433595706,8.116062139446667,8.20149017846175,1.0,0.0
size_10pct_depth,parent_size,10pct_depth_proxy,synthetic_engineering,ppo_seed_27,24,2.299937495821722,1.3717111666329687,9.574073495866116,11.809036292176838,1.0,0.0
size_10pct_depth,parent_size,10pct_depth_proxy,synthetic_engineering,ppo_seed_127,24,2.299937495821722,1.3717111666329687,9.574073495866116,11.809036292176838,1.0,0.0
size_10pct_depth,parent_size,10pct_depth_proxy,synthetic_engineering,ppo_seed_227,24,1.0012957763737071,0.3844309985487307,6.309638556674759,8.203762248221874,1.0,0.0
size_10pct_depth,parent_size,10pct_depth_proxy,synthetic_engineering,ppo_seed_327,24,2.987041634646902,2.8709540537430813,6.420952740730183,6.865865310696158,1.0,0.0
size_10pct_depth,parent_size,10pct_depth_proxy,synthetic_engineering,ppo_seed_427,24,2.31408556523175,1.318557155335935,9.547148773414156,11.555175952222417,1.0,0.0
size_25pct_depth,parent_size,25pct_depth_proxy,synthetic_engineering,immediate,24,3.1084024846675757,3.1076574829725683,3.1426095882136043,3.143478408603173,1.0,0.0
size_25pct_depth,parent_size,25pct_depth_proxy,synthetic_engineering,twap_like,24,3.17343029510538,2.957656167797958,6.997561879573827,8.071931342883218,1.0,0.0
size_25pct_depth,parent_size,25pct_depth_proxy,synthetic_engineering,liquidity_aware,24,2.329906794692224,1.1986101346514566,8.322545547002877,8.935064442471196,1.0,0.0
size_25pct_depth,parent_size,25pct_depth_proxy,synthetic_engineering,ppo_seed_27,24,2.6231600897990615,2.377440527632827,10.169364078909103,10.961880714862657,1.0,0.0
size_25pct_depth,parent_size,25pct_depth_proxy,synthetic_engineering,ppo_seed_127,24,2.6231600897990615,2.377440527632827,10.169364078909103,10.961880714862657,1.0,0.0
size_25pct_depth,parent_size,25pct_depth_proxy,synthetic_engineering,ppo_seed_227,24,0.9722154844445502,0.4137051476791782,6.561662922075313,6.992832144094606,1.0,0.0
size_25pct_depth,parent_size,25pct_depth_proxy,synthetic_engineering,ppo_seed_327,24,2.7575462861424467,2.7038417053616164,6.674206431659593,6.8290033413213855,1.0,0.0
size_25pct_depth,parent_size,25pct_depth_proxy,synthetic_engineering,ppo_seed_427,24,2.589923163828633,2.321388306047144,10.12711287231223,10.649090817324103,1.0,0.0
size_50pct_depth,parent_size,50pct_depth_proxy,synthetic_engineering,immediate,24,3.3273712142745846,3.3248104441764914,3.4182405506573743,3.4205965810964165,1.0,0.0
size_50pct_depth,parent_size,50pct_depth_proxy,synthetic_engineering,twap_like,24,2.6605437832832806,2.4626886059650896,6.109517729644476,7.072310843036657,1.0,0.0
size_50pct_depth,parent_size,50pct_depth_proxy,synthetic_engineering,liquidity_aware,24,2.146054880883986,1.2038541748451237,7.869863368929793,8.786936530780139,1.0,0.0
size_50pct_depth,parent_size,50pct_depth_proxy,synthetic_engineering,ppo_seed_27,24,2.5090719470541636,2.156947190317061,10.116549054993925,10.572231443666322,1.0,0.0
size_50pct_depth,parent_size,50pct_depth_proxy,synthetic_engineering,ppo_seed_127,24,2.5090719470541636,2.156947190317061,10.116549054993925,10.572231443666322,1.0,0.0
size_50pct_depth,parent_size,50pct_depth_proxy,synthetic_engineering,ppo_seed_227,24,1.0978113840042552,0.5755344286189293,6.2340139964716625,7.082863210913384,1.0,0.0
size_50pct_depth,parent_size,50pct_depth_proxy,synthetic_engineering,ppo_seed_327,24,2.7356330399566864,2.858648728312656,6.937529088741051,7.136634574053538,1.0,0.0
size_50pct_depth,parent_size,50pct_depth_proxy,synthetic_engineering,ppo_seed_427,24,2.479412646843942,2.0406177039561912,10.064513779348081,10.296709372183972,1.0,0.0
horizon_30s_proxy,horizon,30s_proxy,synthetic_engineering,immediate,24,3.947007408308794,3.9376028012820443,4.218566598237228,4.225752217754927,1.0,0.0
horizon_30s_proxy,horizon,30s_proxy,synthetic_engineering,twap_like,24,3.326391302074521,3.3296265349833596,6.292832775394134,6.499288111327909,1.0,0.0
horizon_30s_proxy,horizon,30s_proxy,synthetic_engineering,liquidity_aware,24,3.354553984869144,2.8723240150013205,7.164685873487081,10.026031487741879,1.0,0.0
horizon_30s_proxy,horizon,30s_proxy,synthetic_engineering,ppo_seed_27,24,3.3258982142793996,3.1684363930272763,8.966854778618355,11.805982588754937,1.0,0.0
horizon_30s_proxy,horizon,30s_proxy,synthetic_engineering,ppo_seed_127,24,3.3258982142793996,3.1684363930272763,8.966854778618355,11.805982588754937,1.0,0.0
horizon_30s_proxy,horizon,30s_proxy,synthetic_engineering,ppo_seed_227,24,2.371628376132,1.9487137583980751,6.948394646410769,9.790584049288409,1.0,0.0
horizon_30s_proxy,horizon,30s_proxy,synthetic_engineering,ppo_seed_327,24,3.228482456019202,3.432057086307001,5.38351696436063,5.486952462555225,1.0,0.0
horizon_30s_proxy,horizon,30s_proxy,synthetic_engineering,ppo_seed_427,24,3.2123483516930538,3.0221683217474986,8.815977625888522,11.267128335093735,1.0,0.0
horizon_300s_proxy,horizon,300s_proxy,synthetic_engineering,immediate,24,3.947007408308794,3.9376028012820443,4.218566598237228,4.225752217754927,1.0,0.0
horizon_300s_proxy,horizon,300s_proxy,synthetic_engineering,twap_like,24,2.887998669225459,3.3138009714818457,11.289937200320153,12.215210730083264,1.0,0.0
horizon_300s_proxy,horizon,300s_proxy,synthetic_engineering,liquidity_aware,24,1.5783221184683658,0.8688829964457008,10.480991535717399,13.518227422284632,1.0,0.0
horizon_300s_proxy,horizon,300s_proxy,synthetic_engineering,ppo_seed_27,24,1.8501821621972716,0.9688490064513624,10.34662292078313,13.069418347500726,1.0,0.0
horizon_300s_proxy,horizon,300s_proxy,synthetic_engineering,ppo_seed_127,24,1.8501821621972716,0.9688490064513624,10.34662292078313,13.069418347500726,1.0,0.0
horizon_300s_proxy,horizon,300s_proxy,synthetic_engineering,ppo_seed_227,24,1.0626296092713765,0.22231983709442396,8.141515798847768,8.350712268572416,1.0,0.0
horizon_300s_proxy,horizon,300s_proxy,synthetic_engineering,ppo_seed_327,24,1.9828156763502787,2.5681853303218514,10.538381976324002,10.824576785246363,1.0,0.0
horizon_300s_proxy,horizon,300s_proxy,synthetic_engineering,ppo_seed_427,24,1.9712411535379957,1.1588054929478804,11.990844667651036,14.210805726095483,1.0,0.0
impact_half,impact,0.5x_coefficient,synthetic_engineering,immediate,24,3.4485037041542075,3.4438014006410222,3.584283299117704,3.5878761088765536,1.0,0.0
impact_half,impact,0.5x_coefficient,synthetic_engineering,twap_like,24,3.079702872383199,3.0433895576856145,6.89095011907988,7.518201317243513,1.0,0.0
impact_half,impact,0.5x_coefficient,synthetic_engineering,liquidity_aware,24,2.212231430462417,1.2607770544692154,7.992658770211352,8.952853828094039,1.0,0.0
impact_half,impact,0.5x_coefficient,synthetic_engineering,ppo_seed_27,24,2.6347672932957535,2.2139793315247576,10.534581751977525,11.320715289598386,1.0,0.0
impact_half,impact,0.5x_coefficient,synthetic_engineering,ppo_seed_127,24,2.6347672932957535,2.2139793315247576,10.534581751977525,11.320715289598386,1.0,0.0
impact_half,impact,0.5x_coefficient,synthetic_engineering,ppo_seed_227,24,1.943562910188169,1.2570779550234743,9.325716577816886,10.49605061932143,1.0,0.0
impact_half,impact,0.5x_coefficient,synthetic_engineering,ppo_seed_327,24,2.8328046257453123,3.0783837080541683,6.813929589288055,7.102542501098357,1.0,0.0
impact_half,impact,0.5x_coefficient,synthetic_engineering,ppo_seed_427,24,2.5857956518753755,2.173162626963774,10.473465881271686,10.98697887616973,1.0,0.0
impact_2x,impact,2x_coefficient,synthetic_engineering,immediate,24,4.944014816617815,4.925205602564089,5.487133196474456,5.501504435509855,1.0,0.0
impact_2x,impact,2x_coefficient,synthetic_engineering,twap_like,24,3.209527114532463,3.1864957307414583,7.013020476320299,7.649042768973742,1.0,0.0
impact_2x,impact,2x_coefficient,synthetic_engineering,liquidity_aware,24,2.270175721849579,1.308333217876406,8.058148830845298,8.999290312376328,1.0,0.0
impact_2x,impact,2x_coefficient,synthetic_engineering,ppo_seed_27,24,2.7822254231828616,2.3085298260992024,10.74593700790936,11.581536158392424,1.0,0.0
impact_2x,impact,2x_coefficient,synthetic_engineering,ppo_seed_127,24,2.7822254231828616,2.3085298260992024,10.74593700790936,11.581536158392424,1.0,0.0
impact_2x,impact,2x_coefficient,synthetic_engineering,ppo_seed_227,24,1.1903727561242754,0.6491919712569116,6.303945756616145,7.187983707120844,1.0,0.0
impact_2x,impact,2x_coefficient,synthetic_engineering,ppo_seed_327,24,2.9281808352354726,3.130667625335248,7.2435356323326925,7.44509935513029,1.0,0.0
impact_2x,impact,2x_coefficient,synthetic_engineering,ppo_seed_427,24,2.6254641368829774,1.6849560208560999,10.627278315781924,11.15109050467822,1.0,0.0
impact_linear,impact,linear_form_misspecification,synthetic_engineering,immediate,24,3.9749548975806603,3.9732779508479426,4.158791208791508,4.163268213268481,1.0,0.0
impact_linear,impact,linear_form_misspecification,synthetic_engineering,twap_like,24,3.184361255237546,3.1550905293152707,6.9905220014867995,7.622985770949616,1.0,0.0
impact_linear,impact,linear_form_misspecification,synthetic_engineering,liquidity_aware,24,2.2926021575471873,1.334740335155216,8.072870429642995,9.022497815555607,1.0,0.0
impact_linear,impact,linear_form_misspecification,synthetic_engineering,ppo_seed_27,24,2.7480293725530003,2.3031007788112183,10.677442450842307,11.48603632959478,1.0,0.0
impact_linear,impact,linear_form_misspecification,synthetic_engineering,ppo_seed_127,24,2.7480293725530003,2.3031007788112183,10.677442450842307,11.48603632959478,1.0,0.0
impact_linear,impact,linear_form_misspecification,synthetic_engineering,ppo_seed_227,24,1.7646700916184122,1.071467386475053,7.833749185015356,9.405716253746224,1.0,0.0
impact_linear,impact,linear_form_misspecification,synthetic_engineering,ppo_seed_327,24,3.005064272101538,3.1904940781421627,7.101962954986041,7.219990737692498,1.0,0.0
impact_linear,impact,linear_form_misspecification,synthetic_engineering,ppo_seed_427,24,2.621909966353356,1.709891736654848,10.597918483451004,11.115195253157289,1.0,0.0
impact_cubic,impact,cubic_form_misspecification,synthetic_engineering,immediate,24,3.9271040834406583,3.9044247578494518,4.28425383938637,4.294692317249875,1.0,0.0
impact_cubic,impact,cubic_form_misspecification,synthetic_engineering,twap_like,24,3.111932208855046,3.0789698795652276,6.921784345413349,7.551427300001264,1.0,0.0
impact_cubic,impact,cubic_form_misspecification,synthetic_engineering,liquidity_aware,24,2.2208698298989398,1.2679347397505512,8.004531644640725,8.95994040844878,1.0,0.0
impact_cubic,impact,cubic_form_misspecification,synthetic_engineering,ppo_seed_27,24,2.671540521899855,2.237136675005666,10.589567424275078,11.387899978369454,1.0,0.0
impact_cubic,impact,cubic_form_misspecification,synthetic_engineering,ppo_seed_127,24,2.671540521899855,2.237136675005666,10.589567424275078,11.387899978369454,1.0,0.0
impact_cubic,impact,cubic_form_misspecification,synthetic_engineering,ppo_seed_227,24,1.6831829072614009,0.9921383401805832,7.759130170830629,9.325976217602788,1.0,0.0
impact_cubic,impact,cubic_form_misspecification,synthetic_engineering,ppo_seed_327,24,2.929189390942328,3.1147869492646416,7.028261260470651,7.143729500865669,1.0,0.0
impact_cubic,impact,cubic_form_misspecification,synthetic_engineering,ppo_seed_427,24,2.5519956135779354,1.6452176575607582,10.516774127681652,11.027450664816772,1.0,0.0
data_drop_10pct,data_quality,dropped_updates_10pct,synthetic_engineering,immediate,24,3.947007408308794,3.9376028012820443,4.218566598237228,4.225752217754927,1.0,0.0
data_drop_10pct,data_quality,dropped_updates_10pct,synthetic_engineering,twap_like,24,2.9856044908328356,2.7855899931883124,6.931640238160083,7.56181513448678,1.0,0.0
data_drop_10pct,data_quality,dropped_updates_10pct,synthetic_engineering,liquidity_aware,24,2.2765469621070635,1.2766291089382484,8.069424577144892,9.015501450110118,1.0,0.0
data_drop_10pct,data_quality,dropped_updates_10pct,synthetic_engineering,ppo_seed_27,24,2.6839200032581245,2.245496163049715,10.60503350395468,11.407655579196213,1.0,0.0
data_drop_10pct,data_quality,dropped_updates_10pct,synthetic_engineering,ppo_seed_127,24,2.6839200032581245,2.245496163049715,10.60503350395468,11.407655579196213,1.0,0.0
data_drop_10pct,data_quality,dropped_updates_10pct,synthetic_engineering,ppo_seed_227,24,1.7448812915093799,1.0190489066178225,9.00773772617559,10.335939221314511,1.0,0.0
data_drop_10pct,data_quality,dropped_updates_10pct,synthetic_engineering,ppo_seed_327,24,2.932004529554247,3.1265799161086,7.039280955064713,7.155702462555226,1.0,0.0
data_drop_10pct,data_quality,dropped_updates_10pct,synthetic_engineering,ppo_seed_427,24,2.586931734481837,1.8941970158017327,10.52912915789096,11.041682752339222,1.0,0.0
data_drop_30pct,data_quality,dropped_updates_30pct,synthetic_engineering,immediate,24,3.947007408308794,3.9376028012820443,4.218566598237228,4.225752217754927,1.0,0.0
data_drop_30pct,data_quality,dropped_updates_30pct,synthetic_engineering,twap_like,24,2.4282978895265,2.774678132160547,5.607875445189458,5.87465979721166,1.0,0.0
data_drop_30pct,data_quality,dropped_updates_30pct,synthetic_engineering,liquidity_aware,24,2.3210230454747,1.5656373975679756,9.04104040112334,9.531521366181329,1.0,0.0
data_drop_30pct,data_quality,dropped_updates_30pct,synthetic_engineering,ppo_seed_27,24,2.6839200032581245,2.245496163049715,10.60503350395468,11.407655579196213,1.0,0.0
data_drop_30pct,data_quality,dropped_updates_30pct,synthetic_engineering,ppo_seed_127,24,2.6839200032581245,2.245496163049715,10.60503350395468,11.407655579196213,1.0,0.0
data_drop_30pct,data_quality,dropped_updates_30pct,synthetic_engineering,ppo_seed_227,24,1.7347911921770522,1.2451483811176152,7.372416777657732,9.457632922486953,1.0,0.0
data_drop_30pct,data_quality,dropped_updates_30pct,synthetic_engineering,ppo_seed_327,24,2.836177966876082,3.1265799161086,7.140833441166345,7.3141647154854095,1.0,0.0
data_drop_30pct,data_quality,dropped_updates_30pct,synthetic_engineering,ppo_seed_427,24,2.6093264448791476,2.193358191729569,10.520001762542925,11.041682752339222,1.0,0.0
data_delay_1,data_quality,one_decision_delay,synthetic_engineering,immediate,24,3.947007408308794,3.9376028012820443,4.218566598237228,4.225752217754927,1.0,0.0
data_delay_1,data_quality,one_decision_delay,synthetic_engineering,twap_like,24,2.243352660569511,1.7054483128546654,6.394287416617765,6.689301146745843,1.0,0.0
data_delay_1,data_quality,one_decision_delay,synthetic_engineering,liquidity_aware,24,1.8196358312150085,1.1559867790216156,7.990080658848259,8.304469806964084,1.0,0.0
data_delay_1,data_quality,one_decision_delay,synthetic_engineering,ppo_seed_27,24,2.6839200032581245,2.245496163049715,10.60503350395468,11.407655579196213,1.0,0.0
data_delay_1,data_quality,one_decision_delay,synthetic_engineering,ppo_seed_127,24,2.6839200032581245,2.245496163049715,10.60503350395468,11.407655579196213,1.0,0.0
data_delay_1,data_quality,one_decision_delay,synthetic_engineering,ppo_seed_227,24,1.4816803265908887,0.9087503529004657,6.796162556658425,7.48982239003225,1.0,0.0
data_delay_1,data_quality,one_decision_delay,synthetic_engineering,ppo_seed_327,24,2.713776275511867,2.854994200270145,7.101674402946426,7.303315506144943,1.0,0.0
data_delay_1,data_quality,one_decision_delay,synthetic_engineering,ppo_seed_427,24,2.607835066609153,1.9938474403208788,10.520001762542925,11.041682752339222,1.0,0.0
data_delay_2,data_quality,two_decision_delay,synthetic_engineering,immediate,24,3.947007408308794,3.9376028012820443,4.218566598237228,4.225752217754927,1.0,0.0
data_delay_2,data_quality,two_decision_delay,synthetic_engineering,twap_like,24,2.8706694524422516,3.0037146900974805,6.98994574720681,7.5676565823732,1.0,0.0
data_delay_2,data_quality,two_decision_delay,synthetic_engineering,liquidity_aware,24,1.8969712558293033,1.5702153912056065,8.701817521732773,9.10988809218043,1.0,0.0
data_delay_2,data_quality,two_decision_delay,synthetic_engineering,ppo_seed_27,24,2.6839200032581245,2.245496163049715,10.60503350395468,11.407655579196213,1.0,0.0
data_delay_2,data_quality,two_decision_delay,synthetic_engineering,ppo_seed_127,24,2.6839200032581245,2.245496163049715,10.60503350395468,11.407655579196213,1.0,0.0
data_delay_2,data_quality,two_decision_delay,synthetic_engineering,ppo_seed_227,24,1.316115260267136,0.6911176568663776,6.205584465211273,6.486163127479956,1.0,0.0
data_delay_2,data_quality,two_decision_delay,synthetic_engineering,ppo_seed_327,24,2.83191016405096,3.111198800997827,7.1078279362894525,7.346079424011813,1.0,0.0
data_delay_2,data_quality,two_decision_delay,synthetic_engineering,ppo_seed_427,24,2.5779888158382422,1.8361109869457026,10.520001762542925,11.041682752339222,1.0,0.0
distribution_later_proxy,distribution,later_regime_proxy,synthetic_engineering,immediate,24,3.947007408308794,3.9376028012820443,4.218566598237228,4.225752217754927,1.0,0.0
distribution_later_proxy,distribution,later_regime_proxy,synthetic_engineering,twap_like,24,2.490685953099594,1.9968751096076982,8.196200640574983,8.531907358086764,1.0,0.0
distribution_later_proxy,distribution,later_regime_proxy,synthetic_engineering,liquidity_aware,24,2.2695045275914203,1.3942915498322583,11.808705875140333,13.24083265618799,1.0,0.0
distribution_later_proxy,distribution,later_regime_proxy,synthetic_engineering,ppo_seed_27,24,3.068795003258124,3.1709512518291922,13.51898473902614,14.032026514700673,1.0,0.0
distribution_later_proxy,distribution,later_regime_proxy,synthetic_engineering,ppo_seed_127,24,3.068795003258124,3.1709512518291922,13.51898473902614,14.032026514700673,1.0,0.0
distribution_later_proxy,distribution,later_regime_proxy,synthetic_engineering,ppo_seed_227,24,1.9328897493830999,1.6526891832250281,9.293222720403802,9.846402248660047,1.0,0.0
distribution_later_proxy,distribution,later_regime_proxy,synthetic_engineering,ppo_seed_327,24,2.3867953450653268,1.5493787717360383,8.90439885908056,9.20901653615772,1.0,0.0
distribution_later_proxy,distribution,later_regime_proxy,synthetic_engineering,ppo_seed_427,24,2.992608353173407,3.128697015801732,13.417213574555516,13.94317459266749,1.0,0.0
distribution_instrument_low,distribution,second_instrument_scale_0.70,synthetic_engineering,immediate,24,5.868399669521689,5.852920681299303,6.440047871000292,6.461773651277665,1.0,0.0
distribution_instrument_low,distribution,second_instrument_scale_0.70,synthetic_engineering,twap_like,24,4.029313904600439,3.8609470755978736,9.336017333201738,10.174939065722542,1.0,0.0
distribution_instrument_low,distribution,second_instrument_scale_0.70,synthetic_engineering,liquidity_aware,24,3.6576184814010237,2.1864393559272046,13.56304742301477,13.914585258529996,1.0,0.0
distribution_instrument_low,distribution,second_instrument_scale_0.70,synthetic_engineering,ppo_seed_27,24,3.8801611905150177,3.197934546156982,14.907507136593496,15.88020502615412,1.0,0.0
distribution_instrument_low,distribution,second_instrument_scale_0.70,synthetic_engineering,ppo_seed_127,24,3.8801611905150177,3.197934546156982,14.907507136593496,15.88020502615412,1.0,0.0
distribution_instrument_low,distribution,second_instrument_scale_0.70,synthetic_engineering,ppo_seed_227,24,3.1461024390519046,2.3323026927247503,13.554498667412762,14.930224462517096,1.0,0.0
distribution_instrument_low,distribution,second_instrument_scale_0.70,synthetic_engineering,ppo_seed_327,24,3.662556560416231,3.931334044749276,9.250278074063418,9.6440758626198,1.0,0.0
distribution_instrument_low,distribution,second_instrument_scale_0.70,synthetic_engineering,ppo_seed_427,24,3.7014550992424495,2.477016685714621,14.907507136593496,15.415107676328525,1.0,0.0
distribution_instrument_high,distribution,second_instrument_scale_1.35,synthetic_engineering,immediate,24,3.725006292127606,3.7204352519134103,3.875687041515877,3.8786513474684896,1.0,0.0
distribution_instrument_high,distribution,second_instrument_scale_1.35,synthetic_engineering,twap_like,24,3.3458057151532543,3.3885372935790428,6.243298673420017,6.741177297978119,1.0,0.0
distribution_instrument_high,distribution,second_instrument_scale_1.35,synthetic_engineering,liquidity_aware,24,2.442854010427713,1.6786738479143328,6.811685100288439,7.504027143013868,1.0,0.0
distribution_instrument_high,distribution,second_instrument_scale_1.35,synthetic_engineering,ppo_seed_27,24,2.7982193331652105,2.4672026671714145,8.831915623949099,9.536206929053643,1.0,0.0
distribution_instrument_high,distribution,second_instrument_scale_1.35,synthetic_engineering,ppo_seed_127,24,2.7982193331652105,2.4672026671714145,8.831915623949099,9.536206929053643,1.0,0.0
distribution_instrument_high,distribution,second_instrument_scale_1.35,synthetic_engineering,ppo_seed_227,24,1.5326745456499047,0.9467933081720838,6.3443856295399375,7.311408308476775,1.0,0.0
distribution_instrument_high,distribution,second_instrument_scale_1.35,synthetic_engineering,ppo_seed_327,24,3.1908721141054595,3.2164781494067647,6.403662634993836,6.5596918230127885,1.0,0.0
distribution_instrument_high,distribution,second_instrument_scale_1.35,synthetic_engineering,ppo_seed_427,24,2.7516206047705616,2.410937018420881,8.80051495930189,9.278225763169445,1.0,0.0
distribution_unseen_combined,distribution,unseen_combined_regime,adversarial_synthetic,immediate,24,32.510771472992126,32.38339100346032,39.877764565992614,40.27282389769199,1.0,0.0
distribution_unseen_combined,distribution,unseen_combined_regime,adversarial_synthetic,twap_like,24,13.362937499179658,13.418473134087103,20.60677906620529,25.35299632726852,1.0,0.0
distribution_unseen_combined,distribution,unseen_combined_regime,adversarial_synthetic,liquidity_aware,24,12.182056236800975,12.531143820086156,23.614775718292023,25.7986123360732,1.0,0.0
distribution_unseen_combined,distribution,unseen_combined_regime,adversarial_synthetic,ppo_seed_27,24,21.460015825496075,20.845027188108716,48.9271224983682,51.97467922966448,1.0,0.0
distribution_unseen_combined,distribution,unseen_combined_regime,adversarial_synthetic,ppo_seed_127,24,21.460015825496075,20.845027188108716,48.9271224983682,51.97467922966448,1.0,0.0
distribution_unseen_combined,distribution,unseen_combined_regime,adversarial_synthetic,ppo_seed_227,24,16.353576846658978,16.838697367329686,38.10894950907859,41.632077181671455,1.0,0.0
distribution_unseen_combined,distribution,unseen_combined_regime,adversarial_synthetic,ppo_seed_327,24,12.175749499539224,12.595052905982252,24.169242420924203,25.566040081427523,1.0,0.0
distribution_unseen_combined,distribution,unseen_combined_regime,adversarial_synthetic,ppo_seed_427,24,18.771216740382624,18.9825521931175,43.739971741403956,47.33406279772653,1.0,0.0
simulator_mismatch_adverse,simulator_mismatch,queue_impact_resilience_shift,adversarial_synthetic,immediate,24,9.590906237201986,9.587803175600023,11.252373283333473,11.252373283333474,1.0,0.0
simulator_mismatch_adverse,simulator_mismatch,queue_impact_resilience_shift,adversarial_synthetic,twap_like,24,4.737170164990396,4.480557168172139,10.886906572252107,12.39613205508116,1.0,0.0
simulator_mismatch_adverse,simulator_mismatch,queue_impact_resilience_shift,adversarial_synthetic,liquidity_aware,24,5.912605080195867,4.892451197648249,15.845840818360788,20.709360090136602,1.0,0.0
simulator_mismatch_adverse,simulator_mismatch,queue_impact_resilience_shift,adversarial_synthetic,ppo_seed_27,24,5.33249846578664,5.843904508882779,16.239271965349083,16.421467872867,1.0,0.0
simulator_mismatch_adverse,simulator_mismatch,queue_impact_resilience_shift,adversarial_synthetic,ppo_seed_127,24,5.33249846578664,5.843904508882779,16.239271965349083,16.421467872867,1.0,0.0
simulator_mismatch_adverse,simulator_mismatch,queue_impact_resilience_shift,adversarial_synthetic,ppo_seed_227,24,3.040230298796253,3.3975660122468954,11.904669156040908,12.106666007455939,1.0,0.0
simulator_mismatch_adverse,simulator_mismatch,queue_impact_resilience_shift,adversarial_synthetic,ppo_seed_327,24,4.635505252822506,3.6849381065255313,11.471675878490696,12.34157137821635,1.0,0.0
simulator_mismatch_adverse,simulator_mismatch,queue_impact_resilience_shift,adversarial_synthetic,ppo_seed_427,24,4.994343134028238,5.330994857783377,15.498022701967546,15.76632764516106,1.0,0.0
simulator_mismatch_form,simulator_mismatch,impact_form_and_fill_shift,adversarial_synthetic,immediate,24,4.359427447793543,4.351330736774377,4.616666666667273,4.625213675214219,1.0,0.0
simulator_mismatch_form,simulator_mismatch,impact_form_and_fill_shift,adversarial_synthetic,twap_like,24,2.9657341012074476,3.16335187693639,7.037026514778406,7.6754161023959,1.0,0.0
simulator_mismatch_form,simulator_mismatch,impact_form_and_fill_shift,adversarial_synthetic,liquidity_aware,24,1.6948911112842489,1.096424471862476,6.605653446473252,7.751606779210004,1.0,0.0
simulator_mismatch_form,simulator_mismatch,impact_form_and_fill_shift,adversarial_synthetic,ppo_seed_27,24,2.033746496550334,1.582493662692931,8.943403453932769,9.57873705511658,1.0,0.0
simulator_mismatch_form,simulator_mismatch,impact_form_and_fill_shift,adversarial_synthetic,ppo_seed_127,24,2.033746496550334,1.582493662692931,8.943403453932769,9.57873705511658,1.0,0.0
simulator_mismatch_form,simulator_mismatch,impact_form_and_fill_shift,adversarial_synthetic,ppo_seed_227,24,1.3281124045357853,0.8502688873357092,6.247090775959284,7.391684617154625,1.0,0.0
simulator_mismatch_form,simulator_mismatch,impact_form_and_fill_shift,adversarial_synthetic,ppo_seed_327,24,2.896869005699832,3.1902073147550025,6.888420189065933,7.203156804064944,1.0,0.0
simulator_mismatch_form,simulator_mismatch,impact_form_and_fill_shift,adversarial_synthetic,ppo_seed_427,24,2.002202027644836,1.6829274699554189,8.943403453932769,9.57873705511658,1.0,0.0
